Workbook
Name Age: 'Day Care'!$B$4:$B$23
Name Fee: 'Day Care'!$C$4:$C$23

Sheet Programs
B2: Hamilton Civic Center
B3: Community Program Attendance
B5: Session Name | C5: Fee | D5: April | E5: May | F5: June | G5: Total
B6: Book Worms | C6: =_xlfn.XLOOKUP(B6,'Fees List'!$A$2:$A$10,'Fees List'!$B$2:$B$10) -> 10 | D6: 14 | E6: 20 | F6: 25 | G6: =SUM(D6:F6) -> 59 | K6: Total Fees Collected
B7: Ceramics | C7: =_xlfn.XLOOKUP(B7,'Fees List'!$A$2:$A$10,'Fees List'!$B$2:$B$10) -> 25 | D7: 14 | E7: 10 | F7: 10 | G7: =SUM(D7:F7) -> 34 | K7: Book Worms | L7: =C6*G6 -> 590
B8: Cooking for Health | C8: =_xlfn.XLOOKUP(B8,'Fees List'!$A$2:$A$10,'Fees List'!$B$2:$B$10) -> 25 | D8: 10 | E8: 29 | F8: 24 | G8: =SUM(D8:F8) -> 63 | K8: Ceramics | L8: =C7*G7 -> 850
B9: Drop-In Fitness | C9: =_xlfn.XLOOKUP(B9,'Fees List'!$A$2:$A$10,'Fees List'!$B$2:$B$10) -> 10 | D9: 24 | E9: 21 | F9: 22 | G9: =SUM(D9:F9) -> 67 | K9: Cooking for Health | L9: =C8*G8 -> 1575
B10: Gardening Tips | C10: =_xlfn.XLOOKUP(B10,'Fees List'!$A$2:$A$10,'Fees List'!$B$2:$B$10) -> 15 | D10: 18 | E10: 27 | F10: 26 | G10: =SUM(D10:F10) -> 71 | K10: Drop-In Fitness | L10: =C9*G9 -> 670
B11: Lapidary Arts | C11: =_xlfn.XLOOKUP(B11,'Fees List'!$A$2:$A$10,'Fees List'!$B$2:$B$10) -> 25 | D11: 22 | E11: 12 | F11: 16 | G11: =SUM(D11:F11) -> 50 | K11: Gardening Tips | L11: =C10*G10 -> 1065
B12: Latin Dance | C12: =_xlfn.XLOOKUP(B12,'Fees List'!$A$2:$A$10,'Fees List'!$B$2:$B$10) -> 10 | D12: 15 | E12: 14 | F12: 18 | G12: =SUM(D12:F12) -> 47 | K12: Lapidary Arts | L12: =C11*G11 -> 1250
B13: Virtual Museums | C13: =_xlfn.XLOOKUP(B13,'Fees List'!$A$2:$A$10,'Fees List'!$B$2:$B$10) -> 10 | D13: 22 | E13: 14 | F13: 28 | G13: =SUM(D13:F13) -> 64 | K13: Latin Dance | L13: =C12*G12 -> 470
B14: Writing Workshop | C14: =_xlfn.XLOOKUP(B14,'Fees List'!$A$2:$A$10,'Fees List'!$B$2:$B$10) -> 10 | D14: 27 | E14: 25 | F14: 26 | G14: =SUM(D14:F14) -> 78 | K14: Virtual Museums | L14: =C13*G13 -> 640
B15: Total | D15: =SUM(D6:D14) -> 166 | E15: =SUM(E6:E14) -> 172 | F15: =SUM(F6:F14) -> 195 | G15: =SUM(D15:F15) -> 533 | K15: Writing Workshop | L15: =C14*G14 -> 780
K16: Total | L16: =SUM(L7:L15) -> 7890
B19: =NOW() -> 46292.864

Sheet CONCAT
A2: Hamilton Civic Center
A3: Script for Web Site Pop-ups
A5: Session Name | B5: Sentence for Online Brochure
A6: Book Worms | B6: =_xlfn.CONCAT(A6," had ",Programs!C6," participants") -> Book Worms had 10 participants
A7: Ceramics | B7: =_xlfn.CONCAT(A7," had ",Programs!C7," participants") -> Ceramics had 25 participants
A8: Cooking for Health | B8: =_xlfn.CONCAT(A8," had ",Programs!C8," participants") -> Cooking for Health had 25 participants
A9: Drop-In Fitness | B9: =_xlfn.CONCAT(A9," had ",Programs!C9," participants") -> Drop-In Fitness had 10 participants
A10: Gardening Tips | B10: =_xlfn.CONCAT(A10," had ",Programs!C10," participants") -> Gardening Tips had 15 participants
A11: Lapidary Arts | B11: =_xlfn.CONCAT(A11," had ",Programs!C11," participants") -> Lapidary Arts had 25 participants
A12: Latin Dance | B12: =_xlfn.CONCAT(A12," had ",Programs!C12," participants") -> Latin Dance had 10 participants
A13: Virtual Museums | B13: =_xlfn.CONCAT(A13," had ",Programs!C13," participants") -> Virtual Museums had 10 participants
A14: Writing Workshop | B14: =_xlfn.CONCAT(A14," had ",Programs!C14," participants") -> Writing Workshop had 10 participants
A16: Each sentence should read "Program Name had NN participants."
A17: Pick up the actual number from the Programs sheet.

Sheet ProgramBE
A1: Hamilton Civic Center
A2: Community Program Break Even Fee Analysis
A3: Participants Needed at Each Fee Level
B6: Proposed Fee | C6: 30
B7: # of Participants | C7: 250
B10: Per Participant | C10: Total at This Level | E10: Participants | F10: Fees Generated | G10: Fixed Costs | H10: Total Fixed + Instructor Cost | I10: Surplus or Deficit
A11: Suggested Fee | B11: =C6 -> 30 | C11: =C6*C7 -> 7500 | E11: 100 | F11: =$E$11*$B$11 -> 3000 | G11: =$C$14 -> 2500 | H11: =G11+($B$12*E11) -> 3000 | I11: =F11-H11 -> 0
A12: Instructor/Material Cost | B12: 5 | C12: =B12*C7 -> 1250 | E12: 150 | F12: 4500 | G12: =$C$14 -> 2500 | H12: =G12+($B$12*E12) -> 3250 | I12: =F12-H12 -> 1250
A13: Surplus or Deficit | B13: =B11-B12 -> 25 | C13: =C11-C12 -> 6250 | E13: 200 | F13: 6000 | G13: =$C$14 -> 2500 | H13: =G13+($B$12*E13) -> 3500 | I13: =F13-H13 -> 2500
A14: Civic Center Fixed Costs | C14: 2500 | E14: 250 | F14: 7500 | G14: =$C$14 -> 2500 | H14: =G14+($B$12*E14) -> 3750 | I14: =F14-H14 -> 3750
A15: Surplus or Deficit | C15: =C11-C12-C14 -> 3750 | E15: 300 | F15: 9000 | G15: =$C$14 -> 2500 | H15: =G15+($B$12*E15) -> 4000 | I15: =F15-H15 -> 5000
E16: 350 | F16: 10500 | G16: =$C$14 -> 2500 | H16: =G16+($B$12*E16) -> 4250 | I16: =F16-H16 -> 6250
A17: BreakEven Point | C17: =C14/(B11-B12) -> 100 | E17: 400 | F17: 12000 | G17: =$C$14 -> 2500 | H17: =G17+($B$12*E17) -> 4500 | I17: =F17-H17 -> 7500
E18: 450 | F18: 13500 | G18: =$C$14 -> 2500 | H18: =G18+($B$12*E18) -> 4750 | I18: =F18-H18 -> 8750
E19: 500 | F19: 15000 | G19: =$C$14 -> 2500 | H19: =G19+($B$12*E19) -> 5000 | I19: =F19-H19 -> 10000
E20: 550 | F20: 16500 | G20: =$C$14 -> 2500 | H20: =G20+($B$12*E20) -> 5250 | I20: =F20-H20 -> 11250

Sheet Day Care
A1: Hamilton Civic Center
A2: Summer Day Care Program
A3: ID | B3: Age | C3: Fee
A4: HCC 001 | B4: 4 | C4: =IF(B4>=4, $F$12, $F$11) -> 18 | E4: Fees by Age Group
A5: HCC 002 | B5: 5 | C5: =IF(B5>=4, $F$12, $F$11) -> 18 | E5: 1 to 3 | F5: =SUMIF(B4:B23, "<4", C4:C23) -> 240
A6: HCC 003 | B6: 3 | C6: =IF(B6>=4, $F$12, $F$11) -> 20 | E6: 4 and up | F6: =SUMIF(B4:B23, ">=4", C4:C23) -> 144
A7: HCC 004 | B7: 3 | C7: =IF(B7>=4, $F$12, $F$11) -> 20
A8: HCC 005 | B8: 2 | C8: =IF(B8>=4, $F$12, $F$11) -> 20
A9: HCC 006 | B9: 2 | C9: =IF(B9>=4, $F$12, $F$11) -> 20
A10: HCC 007 | B10: 5 | C10: =IF(B10>=4, $F$12, $F$11) -> 18 | E10: Age | F10: Daily Fee
A11: HCC 008 | B11: 1 | C11: =IF(B11>=4, $F$12, $F$11) -> 20 | E11: 1 to 3 | F11: 20
A12: HCC 009 | B12: 4 | C12: =IF(B12>=4, $F$12, $F$11) -> 18 | E12: 4 and up | F12: 18
A13: HCC 010 | B13: 3 | C13: =IF(B13>=4, $F$12, $F$11) -> 20
A14: HCC 011 | B14: 4 | C14: =IF(B14>=4, $F$12, $F$11) -> 18
A15: HCC 012 | B15: 5 | C15: =IF(B15>=4, $F$12, $F$11) -> 18
A16: HCC 013 | B16: 3 | C16: =IF(B16>=4, $F$12, $F$11) -> 20
A17: HCC 014 | B17: 3 | C17: =IF(B17>=4, $F$12, $F$11) -> 20
A18: HCC 015 | B18: 2 | C18: =IF(B18>=4, $F$12, $F$11) -> 20
A19: HCC 016 | B19: 2 | C19: =IF(B19>=4, $F$12, $F$11) -> 20
A20: HCC 017 | B20: 5 | C20: =IF(B20>=4, $F$12, $F$11) -> 18
A21: HCC 018 | B21: 1 | C21: =IF(B21>=4, $F$12, $F$11) -> 20
A22: HCC 019 | B22: 4 | C22: =IF(B22>=4, $F$12, $F$11) -> 18
A23: HCC 020 | B23: 3 | C23: =IF(B23>=4, $F$12, $F$11) -> 20

Sheet Fees List
A1: Program | B1: Fee
A2: Book Worms | B2: 10
A3: Ceramics | B3: 25
A4: Cooking for Health | B4: 25
A5: Drop-In Fitness | B5: 10
A6: Gardening Tips | B6: 15
A7: Lapidary Arts | B7: 25
A8: Latin Dance | B8: 10
A9: Virtual Museums | B9: 10
A10: Writing Workshop | B10: 10
